<?xml version="1.0" encoding="UTF-8"?>
<!DOCTYPE mapper
  PUBLIC "-//mybatis.org//DTD Mapper 3.0//EN"
  "https://mybatis.org/dtd/mybatis-3-mapper.dtd">
<mapper namespace="com.kh.ex02.mapper.BoardAttachMapper">
	<insert id="insert">
		insert into tbl_attach 
			(uuid, upload_path, file_name, file_type, bno)	
		values(#{uuid}, #{upload_path}, #{file_name}, #{file_type}, #{bno})
	</insert>
	
	<delete id="delete">
		delete from tbl_attach
		where uuid = #{uuid}
	</delete>
	
	<delete id="deleteByBno">
		delete from tbl_attach
		where bno = #{bno}
	</delete>
	
	<select id="findByBno" resultType="com.kh.ex02.domain.BoardAttachVO">
		select * from tbl_attach 
		where bno = #{bno}
		 
	</select>
	
</mapper>