<?xml version="1.0" encoding="UTF-8"?>
<!DOCTYPE mapper
  PUBLIC "-//mybatis.org//DTD Mapper 3.0//EN"
  "https://mybatis.org/dtd/mybatis-3-mapper.dtd">
<mapper namespace="com.kh.ex02.mapper.BoardMapper">
	<sql id="search">
		<where>
		 	<foreach item="type" collection="typeArr">
		 	<!-- {'T', 'C', 'W'} 를 반복한다. -->
		 		<choose>
					<when test="type == 'T'.toString()">
						 title like '%' || #{keyword} || '%'
					</when>
					<when test="type == 'C'.toString()">
						or content like '%' || #{keyword} || '%'
					</when>
					<when test="type == 'W'.toString()">
						or writer like '%' || #{keyword} || '%'
					</when>
				</choose>
		 	</foreach>
		</where>		
	</sql>


	<!-- 글갯수 -->
	<select id="getTotal" resultType="int">
		
			select count(*) from tbl_board
			<include refid="search"></include>
	
	</select>
	<!-- 글목록 -->
	<select id="getList" resultType="com.kh.ex02.domain.BoardVO">
		
		select * from (
		SELECT /*+index_desc(tbl_board pk_board) */ 
		    	rownum rn, bno, title, writer, regdate, updatedate , replycnt
			FROM TBL_BOARD
		<include refid="search"></include>
		)
		where rn between #{startRow} and #{endRow}
		
	</select>
	
	<!-- 글추가 -->
	<insert id="insert">
		<![CDATA[
		insert into tbl_board
			(bno, title, content, writer)
		values
			(#{bno}, #{title}, #{content}, #{writer})
		]]>
	</insert>
	
	<select id="selectNextval" resultType="long">
		<![CDATA[
		select seq_board.nextval from dual
		]]>
	</select>
	
	
<!-- 	<insert id="insertSelectKey"> -->
<!-- 		<selectKey keyProperty="bno" resultType="long" -->
<!-- 			order="BEFORE"> -->
<!-- 			select seq_board.nextval from dual -->
<!-- 		</selectKey> -->
<!-- 		insert into tbl_board -->
<!-- 			(bno, title, content, writer) -->
<!-- 		values -->
<!-- 			(#{bno}, #{title}, #{content}, #{writer}) -->
<!-- 	</insert> -->
	
	<!-- 글조회 -->
	<select id="read" resultType="com.kh.ex02.domain.BoardVO">
		<![CDATA[
		select * from tbl_board
		where bno = #{bno}
		]]>
	</select>
	
	<!-- 글삭제 -->
	<delete id="delete">
		<![CDATA[
		delete from tbl_board
		where bno = #{bno}
		]]>
	</delete>
	
	<!-- 글수정 -->
	<update id="update">
		<![CDATA[
		update tbl_board set
			title = #{title},
			content = #{content},
			writer = #{writer},
			updatedate = sysdate
		where bno = #{bno}
		]]>
	</update>
	
	<!-- 댓글 갯수 변경 -->
	<update id="updateReplycnt">
		update tbl_board set
			replycnt = replycnt +#{amount}
			where bno = ${bno}		
	</update>
</mapper>