<?xml version="1.0" encoding="UTF-8"?>
<!DOCTYPE mapper
  PUBLIC "-//mybatis.org//DTD Mapper 3.0//EN"
  "https://mybatis.org/dtd/mybatis-3-mapper.dtd">
<mapper namespace="com.kh.ex02.mapper.LikeMapper">
	<!-- 좋아요 하기 (insertLike) -->
	<insert id="insertLike">
		insert into tbl_like
			(mid, bno) 
		values 
			(#{mid}, #{bno})
	</insert>
	<!-- 좋아요 취소하기 (deleteLike) -->
	<delete id="deleteLike">
		delete from tbl_like
		where mid = #{mid}
		and bno = #{bno}
	</delete>
	
	<!-- 좋아요 여부 (checkLike) -->
	<select id="checkLike" resultType="int">
		select count(*) from tbl_like
		where mid = #{mid}
		and bno = #{bno}
	</select>
	
	<!-- 좋아요 갯수 (getLikeCount)-->
	<select id="getLikeCount" resultType="int">
		select count(*) from tbl_like
		where bno = #{bno}
	</select>

</mapper>