<?xml version="1.0" encoding="UTF-8"?>
<!DOCTYPE mapper
  PUBLIC "-//mybatis.org//DTD Mapper 3.0//EN"
  "https://mybatis.org/dtd/mybatis-3-mapper.dtd">
<mapper namespace="com.kh.ex02.mapper.MessageMapper">
	<insert id="insertMessage">
		insert into tbl_message
			(msg_id, sender, receiver, message)
		values(seq_msg_id.nextval, #{sender}, #{receiver}, #{message})
	</insert>
	
	<!-- 읽지 않은 쪽지 갯수 -->
	<select id="getCountNotRead" resultType="int">
		select count(*) from tbl_message
		where receiver = #{mid}
		and open_date is null
	</select>
	
	<!-- 보낸 쪽지 목록 -->
	<select id="listSend" resultType="com.kh.ex02.domain.MessageVO">
		select * from tbl_message
		where sender = #{mid}
		order by send_date desc
	</select>
	
	<!-- 받은 쪽지 목록 -->
	<select id="listReceive" resultType="com.kh.ex02.domain.MessageVO">
		select * from tbl_message
		where receiver = #{mid}
		order by send_date desc
	</select>
	
	<!-- 읽은 날짜 변경 -->
	<update id="updateOpenDate">
		update tbl_message set 
			open_date = sysdate
		where msg_id = #{msg_id}
	</update>
	
	<!-- 쪽지 읽기 -->
	<select id="selectById" resultType="com.kh.ex02.domain.ReadMessageDTO">
		select message, to_char(open_date, 'yyyy-mm-dd') open_date 
		from tbl_message
		where msg_id = #{msg_id}
	</select>
	
	<!-- 쪽지 삭제 -->
	<delete id="deleteByIds" parameterType="string">
		delete from tbl_message
		where msg_id in (${value})
	</delete>
	
	<!-- 쪽지 전체 읽기 -->
	<update id="updateOpenDateByIds" parameterType="string">
		update tbl_message set
			open_date = sysdate
		where msg_id in (${value})
	</update>
	
	<!-- 읽기 날짜 얻어오기 -->
	<select id="selectOpenDateById" resultType="string">
		select to_char(open_date, 'yyyy-MM-dd') open_date
		from tbl_message
		where msg_id = #{msg_id}
	</select>

</mapper>