<?xml version="1.0" encoding="UTF-8"?>
<beans xmlns="http://www.springframework.org/schema/beans"
	xmlns:xsi="http://www.w3.org/2001/XMLSchema-instance"
	xmlns:mybatis-spring="http://mybatis.org/schema/mybatis-spring"
	xmlns:context="http://www.springframework.org/schema/context"
	xmlns:aop="http://www.springframework.org/schema/aop"
	xmlns:tx="http://www.springframework.org/schema/tx"
	xsi:schemaLocation="http://mybatis.org/schema/mybatis-spring http://mybatis.org/schema/mybatis-spring-1.2.xsd
		http://www.springframework.org/schema/beans https://www.springframework.org/schema/beans/spring-beans.xsd
		http://www.springframework.org/schema/context http://www.springframework.org/schema/context/spring-context-4.3.xsd
		http://www.springframework.org/schema/aop http://www.springframework.org/schema/aop/spring-aop-4.3.xsd
		http://www.springframework.org/schema/tx http://www.springframework.org/schema/tx/spring-tx-4.3.xsd">
	
	<!-- Root Context: defines shared resources visible to all other web components -->
	<!-- 커넥션 풀 -->
	
	<context:annotation-config></context:annotation-config>
	<aop:aspectj-autoproxy></aop:aspectj-autoproxy>
	  
	<bean id="dataSource"
		class="com.zaxxer.hikari.HikariDataSource">
		<constructor-arg name="configuration"
			ref="hikariConfig"/>
	</bean>
	  
	<bean id="hikariConfig" 
		class="com.zaxxer.hikari.HikariConfig">
		<property name="driverClassName" value="net.sf.log4jdbc.sql.jdbcapi.DriverSpy"/>
		<property name="jdbcUrl" value="jdbc:log4jdbc:oracle:thin:@localhost:1521:XE"/>
		<property name="username" value="SPRING_STUDENT"/>
		<property name="password" value="1234"/>
	</bean>	
	 
	 
	<!-- 커넥션 풀에서 커넥션 얻어와서 작업할 놈 -->
	 
	<bean id="sqlSessionFactory"
		class="org.mybatis.spring.SqlSessionFactoryBean">
		<property name="dataSource" ref="dataSource"/>
<!-- 		<property name="mapperLocations" -->
<!-- 			value="classpath:mappers/*Mapper.xml"/> -->
	</bean>
	
	<!-- try~catch~finally -->
	
	<bean id="sqlSessionTemplate"
		class="org.mybatis.spring.SqlSessionTemplate">
		<constructor-arg name="sqlSessionFactory"
			ref="sqlSessionFactory"/>
	</bean>	
	 
	<mybatis-spring:scan base-package="com.kh.studentmvc.mapper"/>
	
	
	<context:component-scan base-package="com.kh.studentmvc.service" />
	<context:component-scan base-package="com.kh.studentmvc.aop" />
	
	<!-- @Transactional 사용 가능하게 -->
	<tx:annotation-driven/>
	
	<bean id="transactionManager"
		class="org.springframework.jdbc.datasource.DataSourceTransactionManager">
		<property name="dataSource" ref="dataSource"></property>
	</bean>
	
</beans>

