<?xml version="1.0" encoding="UTF-8"?>
<!DOCTYPE mapper
  PUBLIC "-//mybatis.org//DTD mapper 3.0//EN"
  "https://mybatis.org/dtd/mybatis-3-mapper.dtd">
  <mapper namespace="com.kh.studentmvc.mapper.StudentMapper">

  <!-- 등록 -->
  	<insert id="insert">
  		insert into tbl_student
  			(sno, sname, syear, gender, major, score)
  		values
  			(#{sno},#{sname},#{syear},#{gender},#{major},#{score})
  			
  	</insert>
  	
  	<!-- 글목록 -->
  	<select id="getList" resultType="com.kh.studentmvc.domain.StudentVO">
  		select * from tbl_student
  		
  	</select>
  	
  	<!-- 수정 -->
  	 	<update id="update">
  	
  		update tbl_student set
  			sname = #{sname},
  			syear = #{syear},
  			gender = #{gender},
  			major = #{major},
  			score = #{score}
  		where sno = #{sno}	
  		
  		</update>
  		
  	<!-- 삭제 -->
  		<delete id="delete" >
  	
  		delete from tbl_student
  		where sno = #{sno}
  		
  		</delete>
  		
  	<select id="findSno" resultType="com.kh.studentmvc.domain.StudentVO">
  		select * from tbl_student
  		where sno = #{sno}
  	</select>
  	
  </mapper>